Lx_nm,Ly_nm,h_nm,a_nm,b_nm,Re_Exx,Im_Exx,Re_Eyy,Im_Eyy,Abs_Exx,Abs_Eyy,Phi_x_deg,Phi_y_deg
520,520,600,200,150,0.97076362,-0.21727601,0.54175879,-0.75480829,0.994781820519969,0.929106097921539,-12.6159989600077,-54.3313490530198
