{
  "mode": "S13",
  "features": [
    "L_x",
    "L_y",
    "frequencia_ghz"
  ],
  "n_train": 2916,
  "n_test": 729,
  "train": {
    "r2_re": 0.9832238734125465,
    "r2_im": 0.9859150225076064,
    "r2_agg": 0.9848011534073834,
    "rmse_re": 0.07974026088274491,
    "rmse_im": 0.07301418235671552,
    "rmse_agg": 0.10811836121060994,
    "mae_re": 0.04396758137052918,
    "mae_im": 0.041370731250985206,
    "mae_agg": 0.0426691563107572
  },
  "test": {
    "r2_re": 0.9819861501754349,
    "r2_im": 0.9835280864432834,
    "r2_agg": 0.9830766866140713,
    "rmse_re": 0.08212734615241271,
    "rmse_im": 0.07661996745204212,
    "rmse_agg": 0.1123188336762371,
    "mae_re": 0.04549794000453758,
    "mae_im": 0.044965473581996034,
    "mae_agg": 0.04523170679326681
  }
}