{
  "mean_deg": -0.6114834119419814,
  "std_deg": 9.740328046316819,
  "mae_deg": 3.8421832062995405,
  "p95_abs_deg": 18.70211302755434
}