{
  "mode": "S24",
  "features": [
    "L_x",
    "L_y",
    "frequencia_ghz"
  ],
  "n_train": 2916,
  "n_test": 729,
  "train": {
    "r2_re": 0.9784093336644177,
    "r2_im": 0.9799791752890177,
    "r2_agg": 0.9794952256774826,
    "rmse_re": 0.08986512664595199,
    "rmse_im": 0.08711894502103429,
    "rmse_agg": 0.1251617016849443,
    "mae_re": 0.046821011111665124,
    "mae_im": 0.04491909483041176,
    "mae_agg": 0.04587005297103844
  },
  "test": {
    "r2_re": 0.9785177331924869,
    "r2_im": 0.9801374972347364,
    "r2_agg": 0.9797692527148666,
    "rmse_re": 0.09206093859603293,
    "rmse_im": 0.08389710068705772,
    "rmse_agg": 0.12455496745965954,
    "mae_re": 0.04680112763818286,
    "mae_im": 0.04197980949940915,
    "mae_agg": 0.044390468568796006
  }
}