{
  "mean_deg": -0.10136715237819639,
  "std_deg": 10.170771983128356,
  "mae_deg": 3.877059238710672,
  "p95_abs_deg": 18.645140938754118
}