{
  "data_path": "C:\\Users\\vinicius23011\\MATLAB\\Projects\\TCC\\Otimizacao e ML\\Essential4Libs\\Bib1-27x27-perdas\\biblioteca_Bib1-27x27-perdas.parquet",
  "mode": "single",
  "n_rows_used": 73629,
  "freq_filter": {
    "used": true,
    "freq_ghz": 281760.0,
    "tol_ghz": 5.0
  },
  "features": {
    "numeric": [],
    "categorical": [
      "id_nanopilar"
    ]
  },
  "models": {
    "TE": {
      "target": "S13",
      "n_train": 58903,
      "n_test": 14726,
      "metrics_train": {
        "MAE": {
          "Re": 0.006285074486637609,
          "Im": 0.006846034842886687,
          "All": 0.006565554664762148
        },
        "RMSE": {
          "Re": 0.011102387519579694,
          "Im": 0.012758420627259105,
          "All": 0.011959103342997534
        },
        "R2": {
          "Re": 0.9996568917514951,
          "Im": 0.9995773684819117,
          "All": 0.999642546678833
        }
      },
      "metrics_test": {
        "MAE": {
          "Re": 0.00617121336490106,
          "Im": 0.006754545416495534,
          "All": 0.006462879390698297
        },
        "RMSE": {
          "Re": 0.01060706234569739,
          "Im": 0.012675015717038642,
          "All": 0.011686868593269284
        },
        "R2": {
          "Re": 0.999696814503919,
          "Im": 0.9995804657456993,
          "All": 0.9996606755363279
        }
      },
      "features": {
        "numeric": [],
        "categorical": [
          "id_nanopilar"
        ]
      },
      "model": {
        "hidden": [
          128,
          128
        ],
        "activation": "tanh",
        "random_state": 0
      }
    },
    "TM": {
      "target": "S14",
      "n_train": 58903,
      "n_test": 14726,
      "metrics_train": {
        "MAE": {
          "Re": 0.0002595909584750497,
          "Im": 0.0015176977962877646,
          "All": 0.000888644377381407
        },
        "RMSE": {
          "Re": 0.0003336917539068385,
          "Im": 0.0016935782693296418,
          "All": 0.0012205649390694062
        },
        "R2": {
          "Re": 0.3691665925235823,
          "Im": -12.1903283072609,
          "All": -6.556955270725142
        }
      },
      "metrics_test": {
        "MAE": {
          "Re": 0.000260834279438353,
          "Im": 0.001515619618560692,
          "All": 0.0008882269489995225
        },
        "RMSE": {
          "Re": 0.0003356948479828765,
          "Im": 0.0016901036541650287,
          "All": 0.0012184296025590131
        },
        "R2": {
          "Re": 0.382110856347357,
          "Im": -11.999202277668754,
          "All": -6.378043748737198
        }
      },
      "features": {
        "numeric": [],
        "categorical": [
          "id_nanopilar"
        ]
      },
      "model": {
        "hidden": [
          128,
          128
        ],
        "activation": "tanh",
        "random_state": 0
      }
    }
  }
}