{
  "mode": "S13",
  "features": [
    "L_x",
    "L_y",
    "frequencia_ghz"
  ],
  "n_train": 784,
  "n_test": 196,
  "train": {
    "r2_re": 0.968516180143261,
    "r2_im": 0.9625692209926356,
    "r2_agg": 0.9716987833555971,
    "rmse_re": 0.10824626888981542,
    "rmse_im": 0.11731515635520318,
    "rmse_agg": 0.15962487475081066,
    "mae_re": 0.057809770958962246,
    "mae_im": 0.06497878739008327,
    "mae_agg": 0.06139427917452275
  },
  "test": {
    "r2_re": 0.935662486826869,
    "r2_im": 0.9680196974081204,
    "r2_agg": 0.9612566805776998,
    "rmse_re": 0.14601884100314136,
    "rmse_im": 0.11542792508419576,
    "rmse_agg": 0.18613196344836475,
    "mae_re": 0.07655702604691997,
    "mae_im": 0.06739178490998458,
    "mae_agg": 0.07197440547845227
  }
}