{
  "mean_deg": 1.3362537939649795,
  "std_deg": 12.150015824193416,
  "mae_deg": 6.057681678253261,
  "p95_abs_deg": 31.273297120668744
}