{
  "input": "C:\\Users\\vinicius23011\\MATLAB\\Projects\\TCC\\Bibliotecas\\196\\196",
  "rows_total": 9996,
  "rows_filtered": 980,
  "center_freq_ghz": 281760.0,
  "tol_ghz": 5.0,
  "tag": "196",
  "library_csv": "C:\\Users\\vinicius23011\\MATLAB\\Projects\\TCC\\resultsMLP_196\\196_biblioteca.csv",
  "library_parquet": "C:\\Users\\vinicius23011\\MATLAB\\Projects\\TCC\\resultsMLP_196\\196_biblioteca.parquet",
  "TE": {
    "available": true,
    "metrics": {
      "mode": "S24",
      "features": [
        "L_x",
        "L_y",
        "frequencia_ghz"
      ],
      "n_train": 784,
      "n_test": 196,
      "train": {
        "r2_re": 0.9587491224330675,
        "r2_im": 0.9560855036448616,
        "r2_agg": 0.96533916353483,
        "rmse_re": 0.12163169578628462,
        "rmse_im": 0.12830914019098924,
        "rmse_agg": 0.17679792101831462,
        "mae_re": 0.07607147155062327,
        "mae_im": 0.07727786477272247,
        "mae_agg": 0.07667466816167287
      },
      "test": {
        "r2_re": 0.939728424366894,
        "r2_im": 0.9435050037022437,
        "r2_agg": 0.9494466395229887,
        "rmse_re": 0.15208004351284782,
        "rmse_im": 0.14779182046544284,
        "rmse_agg": 0.21206310813378026,
        "mae_re": 0.09401112228412807,
        "mae_im": 0.09700274357917596,
        "mae_agg": 0.09550693293165202
      }
    },
    "pipeline_path": "C:\\Users\\vinicius23011\\MATLAB\\Projects\\TCC\\resultsMLP_196\\196_s24.joblib"
  },
  "TM": {
    "available": true,
    "metrics": {
      "mode": "S13",
      "features": [
        "L_x",
        "L_y",
        "frequencia_ghz"
      ],
      "n_train": 784,
      "n_test": 196,
      "train": {
        "r2_re": 0.968516180143261,
        "r2_im": 0.9625692209926356,
        "r2_agg": 0.9716987833555971,
        "rmse_re": 0.10824626888981542,
        "rmse_im": 0.11731515635520318,
        "rmse_agg": 0.15962487475081066,
        "mae_re": 0.057809770958962246,
        "mae_im": 0.06497878739008327,
        "mae_agg": 0.06139427917452275
      },
      "test": {
        "r2_re": 0.935662486826869,
        "r2_im": 0.9680196974081204,
        "r2_agg": 0.9612566805776998,
        "rmse_re": 0.14601884100314136,
        "rmse_im": 0.11542792508419576,
        "rmse_agg": 0.18613196344836475,
        "mae_re": 0.07655702604691997,
        "mae_im": 0.06739178490998458,
        "mae_agg": 0.07197440547845227
      }
    },
    "pipeline_path": "C:\\Users\\vinicius23011\\MATLAB\\Projects\\TCC\\resultsMLP_196\\196_s13.joblib"
  }
}