{
  "mean_deg": -0.024271265463396915,
  "std_deg": 13.268724286441216,
  "mae_deg": 7.221939453386086,
  "p95_abs_deg": 30.298476970391036
}