{
  "mode": "S24",
  "features": [
    "L_x",
    "L_y",
    "frequencia_ghz"
  ],
  "n_train": 784,
  "n_test": 196,
  "train": {
    "r2_re": 0.9587491224330675,
    "r2_im": 0.9560855036448616,
    "r2_agg": 0.96533916353483,
    "rmse_re": 0.12163169578628462,
    "rmse_im": 0.12830914019098924,
    "rmse_agg": 0.17679792101831462,
    "mae_re": 0.07607147155062327,
    "mae_im": 0.07727786477272247,
    "mae_agg": 0.07667466816167287
  },
  "test": {
    "r2_re": 0.939728424366894,
    "r2_im": 0.9435050037022437,
    "r2_agg": 0.9494466395229887,
    "rmse_re": 0.15208004351284782,
    "rmse_im": 0.14779182046544284,
    "rmse_agg": 0.21206310813378026,
    "mae_re": 0.09401112228412807,
    "mae_im": 0.09700274357917596,
    "mae_agg": 0.09550693293165202
  }
}