{
  "mean_deg": -0.8679339408105358,
  "std_deg": 10.605241547265969,
  "mae_deg": 4.139633423442973,
  "p95_abs_deg": 21.015289129750418
}