{
  "mean_deg": -0.5533188611099158,
  "std_deg": 8.290036666625129,
  "mae_deg": 3.209843273818724,
  "p95_abs_deg": 9.746996661087536
}