{
  "input": "C:\\Users\\vinicius23011\\MATLAB\\Projects\\TCC\\Bibliotecas\\729\\729",
  "rows_total": 37179,
  "rows_filtered": 3645,
  "center_freq_ghz": 281760.0,
  "tol_ghz": 5.0,
  "tag": "729",
  "library_csv": "C:\\Users\\vinicius23011\\MATLAB\\Projects\\TCC\\resultsMLP_729\\729_biblioteca.csv",
  "library_parquet": "C:\\Users\\vinicius23011\\MATLAB\\Projects\\TCC\\resultsMLP_729\\729_biblioteca.parquet",
  "TE": {
    "available": true,
    "metrics": {
      "mode": "S24",
      "features": [
        "L_x",
        "L_y",
        "frequencia_ghz"
      ],
      "n_train": 2916,
      "n_test": 729,
      "train": {
        "r2_re": 0.9890482373232399,
        "r2_im": 0.9853507917167582,
        "r2_agg": 0.9893122865851196,
        "rmse_re": 0.06442747008543223,
        "rmse_im": 0.07408316995612947,
        "rmse_agg": 0.09817950383027015,
        "mae_re": 0.03614788332452593,
        "mae_im": 0.038696723942458995,
        "mae_agg": 0.037422303633492464
      },
      "test": {
        "r2_re": 0.9876292287269444,
        "r2_im": 0.9855095897407538,
        "r2_agg": 0.9887738638824197,
        "rmse_re": 0.06621465219142499,
        "rmse_im": 0.07567145033106182,
        "rmse_agg": 0.10055122356310607,
        "mae_re": 0.03713768954962837,
        "mae_im": 0.039531713424843476,
        "mae_agg": 0.038334701487235924
      }
    },
    "pipeline_path": "C:\\Users\\vinicius23011\\MATLAB\\Projects\\TCC\\resultsMLP_729\\729_s24.joblib"
  },
  "TM": {
    "available": true,
    "metrics": {
      "mode": "S13",
      "features": [
        "L_x",
        "L_y",
        "frequencia_ghz"
      ],
      "n_train": 2916,
      "n_test": 729,
      "train": {
        "r2_re": 0.9839621089182078,
        "r2_im": 0.9802517075980218,
        "r2_agg": 0.9849581518414405,
        "rmse_re": 0.07791007500980203,
        "rmse_im": 0.08659148393011139,
        "rmse_agg": 0.11648203671490175,
        "mae_re": 0.04396484759618927,
        "mae_im": 0.041342268819838844,
        "mae_agg": 0.04265355820801406
      },
      "test": {
        "r2_re": 0.9811466680372355,
        "r2_im": 0.9788433459951925,
        "r2_agg": 0.9837319112866852,
        "rmse_re": 0.08197037693160115,
        "rmse_im": 0.08909981623740665,
        "rmse_agg": 0.12106989695150651,
        "mae_re": 0.04645968868327703,
        "mae_im": 0.04350381841686818,
        "mae_agg": 0.044981753550072605
      }
    },
    "pipeline_path": "C:\\Users\\vinicius23011\\MATLAB\\Projects\\TCC\\resultsMLP_729\\729_s13.joblib"
  }
}