{
  "mode": "S13",
  "features": [
    "L_x",
    "L_y",
    "frequencia_ghz"
  ],
  "n_train": 2916,
  "n_test": 729,
  "train": {
    "r2_re": 0.9839621089182078,
    "r2_im": 0.9802517075980218,
    "r2_agg": 0.9849581518414405,
    "rmse_re": 0.07791007500980203,
    "rmse_im": 0.08659148393011139,
    "rmse_agg": 0.11648203671490175,
    "mae_re": 0.04396484759618927,
    "mae_im": 0.041342268819838844,
    "mae_agg": 0.04265355820801406
  },
  "test": {
    "r2_re": 0.9811466680372355,
    "r2_im": 0.9788433459951925,
    "r2_agg": 0.9837319112866852,
    "rmse_re": 0.08197037693160115,
    "rmse_im": 0.08909981623740665,
    "rmse_agg": 0.12106989695150651,
    "mae_re": 0.04645968868327703,
    "mae_im": 0.04350381841686818,
    "mae_agg": 0.044981753550072605
  }
}