{
  "mode": "S24",
  "features": [
    "L_x",
    "L_y",
    "frequencia_ghz"
  ],
  "n_train": 2916,
  "n_test": 729,
  "train": {
    "r2_re": 0.9890482373232399,
    "r2_im": 0.9853507917167582,
    "r2_agg": 0.9893122865851196,
    "rmse_re": 0.06442747008543223,
    "rmse_im": 0.07408316995612947,
    "rmse_agg": 0.09817950383027015,
    "mae_re": 0.03614788332452593,
    "mae_im": 0.038696723942458995,
    "mae_agg": 0.037422303633492464
  },
  "test": {
    "r2_re": 0.9876292287269444,
    "r2_im": 0.9855095897407538,
    "r2_agg": 0.9887738638824197,
    "rmse_re": 0.06621465219142499,
    "rmse_im": 0.07567145033106182,
    "rmse_agg": 0.10055122356310607,
    "mae_re": 0.03713768954962837,
    "mae_im": 0.039531713424843476,
    "mae_agg": 0.038334701487235924
  }
}