tipo,rotulo,rms_worst,max95_worst,max_abs_worst
FIXO,"250-330-28-09-4_6.ts (Nedge=24, FIXO)",0.01658202353936949,0.002187222661323429,0.308499139621333
FIXO,"250-330-28-09-4_7.ts (Nedge=28, FIXO)",0.008463494525547007,0.004023030298140107,0.16281706955303488
FIXO,"250-330-28-09-4_8.ts (Nedge=32, FIXO)",0.0,0.0,0.0
ADAPT,"meshD_adapt_banda_250-330_THz_1.ts (Nedge=20, ADAPT)",0.0609816526882036,0.0636791140678159,0.5586887940704968
ADAPT,"meshD_adapt_banda_250-330_THz_2.ts (Nedge=24, ADAPT)",0.06126590228501145,0.06392350055459028,0.5553172373677491
